{
  "application": {
    "applicationId": "APP-2025-12345",
    "submittedDate": "12/12/2025",
    "effectiveDate": "01/01/2026",
    
    "applicants": [
      {
        "applicantId": "A001",
        "relationship": "PRIMARY",
        "demographic": {
          "firstName": "John",
          "lastName": "Smith",
          "middleName": "Michael",
          "dateOfBirth": "05/15/1980",
          "ssn": "123-45-6789",
          "gender": "M",
          "email": "john.smith@email.com",
          "phone": "555-123-4567"
        }
      },
      {
        "applicantId": "A002",
        "relationship": "SPOUSE",
        "demographic": {
          "firstName": "Jane",
          "lastName": "Smith",
          "middleName": "Marie",
          "dateOfBirth": "07/22/1982",
          "ssn": "234-56-7890",
          "gender": "F",
          "email": "jane.smith@email.com",
          "phone": "555-123-4568"
        }
      },
      {
        "applicantId": "A003",
        "relationship": "DEPENDENT",
        "demographic": {
          "firstName": "Emily",
          "lastName": "Smith",
          "middleName": "",
          "dateOfBirth": "03/10/2015",
          "ssn": "345-67-8901",
          "gender": "F"
        }
      },
      {
        "applicantId": "A004",
        "relationship": "DEPENDENT",
        "demographic": {
          "firstName": "Michael",
          "lastName": "Smith",
          "middleName": "James",
          "dateOfBirth": "08/05/2017",
          "ssn": "456-78-9012",
          "gender": "M"
        }
      },
      {
        "applicantId": "A005",
        "relationship": "DEPENDENT",
        "demographic": {
          "firstName": "Sarah",
          "lastName": "Smith",
          "middleName": "Elizabeth",
          "dateOfBirth": "11/30/2019",
          "ssn": "567-89-0123",
          "gender": "F"
        }
      },
      {
        "applicantId": "A006",
        "relationship": "DEPENDENT",
        "demographic": {
          "firstName": "David",
          "lastName": "Smith",
          "middleName": "Robert",
          "dateOfBirth": "02/14/2021",
          "ssn": "678-90-1234",
          "gender": "M"
        }
      }
    ],
    
    "addresses": [
      {
        "type": "BILLING",
        "street": "123 Main Street",
        "street2": "Apt 4B",
        "city": "Los Angeles",
        "state": "CA",
        "zipCode": "90001",
        "county": "Los Angeles"
      },
      {
        "type": "MAILING",
        "street": "456 Oak Avenue",
        "street2": "",
        "city": "San Francisco",
        "state": "CA",
        "zipCode": "94102",
        "county": "San Francisco"
      }
    ],
    
    "proposedProducts": [
      {
        "productType": "MEDICAL",
        "planName": "Gold PPO",
        "planId": "MED-PPO-GOLD-2026",
        "monthlyPremium": 450.00,
        "deductible": 2000,
        "coveredApplicants": ["A001", "A002", "A003", "A004", "A005", "A006"]
      },
      {
        "productType": "DENTAL",
        "planName": "Premium Dental",
        "planId": "DENT-PREM-2026",
        "monthlyPremium": 85.00,
        "deductible": 50,
        "coveredApplicants": ["A001", "A002", "A003", "A004", "A005", "A006"]
      },
      {
        "productType": "VISION",
        "planName": "Basic Vision",
        "planId": "VIS-BASIC-2026",
        "monthlyPremium": 25.00,
        "deductible": 0,
        "coveredApplicants": ["A001", "A002", "A003", "A004"]
      }
    ],
    
    "currentCoverages": [
      {
        "applicantId": "A001",
        "productType": "MEDICAL",
        "carrierName": "Blue Cross",
        "policyNumber": "BC-12345",
        "effectiveDate": "01/01/2024",
        "terminationDate": "12/31/2025"
      },
      {
        "applicantId": "A001",
        "productType": "DENTAL",
        "carrierName": "Delta Dental",
        "policyNumber": "DD-67890",
        "effectiveDate": "01/01/2024",
        "terminationDate": "12/31/2025"
      },
      {
        "applicantId": "A002",
        "productType": "MEDICAL",
        "carrierName": "Blue Cross",
        "policyNumber": "BC-12345",
        "effectiveDate": "01/01/2024",
        "terminationDate": "12/31/2025"
      }
    ],
    
    "calculatedValues": {
      "totalMonthlyPremium": 560.00,
      "totalAnnualPremium": 6720.00,
      "dependentCount": 4,
      "primaryDependentCount": 3,
      "additionalDependentCount": 1
    }
  }
}
