{
  "configName": "excel/dependent-list-excel.yml",
  "payload": {
    "application": {
      "applicationId": "APP-12345",
      "submittedDate": "2025-12-15",
      "applicants": [
        {"relationship": "PRIMARY", "firstName": "John", "lastName": "Doe"},
        {"relationship": "SPOUSE", "firstName": "Jane", "lastName": "Doe"},
        {
          "relationship": "DEPENDENT",
          "firstName": "Child1",
          "lastName": "Doe",
          "dateOfBirth": "2010-03-15",
          "ssn": "123-45-6789",
          "age": 15,
          "gender": "M"
        },
        {
          "relationship": "DEPENDENT",
          "firstName": "Child2",
          "lastName": "Doe",
          "dateOfBirth": "2012-07-20",
          "ssn": "234-56-7890",
          "age": 13,
          "gender": "F"
        },
        {
          "relationship": "DEPENDENT",
          "firstName": "Child3",
          "lastName": "Doe",
          "dateOfBirth": "2015-11-10",
          "ssn": "345-67-8901",
          "age": 10,
          "gender": "M"
        },
        {
          "relationship": "DEPENDENT",
          "firstName": "Child4",
          "lastName": "Doe",
          "dateOfBirth": "2018-02-28",
          "ssn": "456-78-9012",
          "age": 7,
          "gender": "F"
        }
      ]
    }
  }
}
